{"r2": 0.9172669809984305, "accuracy": 91.72669809984305, "mse": 156347782.31128556, "rmse": 12503.910680714476, "mae": 9529.141440424042}