{"r2": 0.9174723346887828, "accuracy": 91.74723346887828, "mse": 155959707.58050108, "rmse": 12488.382904944141, "mae": 9534.317761785635}