Model,MAE,MSE,RMSE,R2 Score,Accuracy (%)
GradientBoostingRegressor,9534.317761785635,155959707.58050108,12488.382904944141,0.9174723346887828,91.74723346887828
RandomForestRegressor,9366.69923076923,165567077.48627776,12867.287106701155,0.9123884972002074,91.23884972002074
XGBRegressor,9846.17938701923,171536343.16337726,13097.188368630012,0.909229799562235,90.9229799562235
Ridge,10558.83813185157,205609315.01257685,14339.083478820285,0.8911997400003586,89.11997400003587
LinearRegression,10570.78640113616,205754135.71726075,14344.13244909781,0.8911231066517091,89.11231066517091
Lasso,10570.889600044498,205756741.85457623,14344.223292133187,0.8911217275876453,89.11217275876453
DecisionTreeRegressor,13307.692307692309,375769230.7692308,19384.768009167165,0.8011578901225522,80.11578901225522
SVR,35990.911659692545,1889482532.1688945,43468.17838567536,0.0001611028557642058,0.01611028557642058
